{
  "id": "shared-homebrew",
  "title": "Shared Homebrew",
  "version": "1.0.5",
  "compatibility": {
    "minimum": "11",
    "verified": "11"
  },
  "relationships": {
    "systems": [
      {
        "id": "dnd5e",
        "type": "system",
        "compatibility": {}
      }
    ]
  },
  "authors": [
    {
      "name": "Parker",
      "flags": {}
    }
  ],
  "packs": [
    {
      "name": "hippogriffs-classes",
      "label": "Hippogriff's Classes",
      "path": "packs/hippogriffs-classes",
      "type": "Item",
      "ownership": {
        "PLAYER": "OBSERVER",
        "ASSISTANT": "OWNER"
      },
      "system": "dnd5e",
      "flags": {}
    },
    {
      "name": "hippogriffs-spells",
      "label": "Hippogriff's Spells",
      "path": "packs/hippogriffs-spells",
      "type": "Item",
      "ownership": {
        "PLAYER": "OBSERVER",
        "ASSISTANT": "OWNER"
      },
      "system": "dnd5e",
      "flags": {}
    },
    {
      "name": "misc-spells",
      "label": "Misc Spells",
      "path": "packs/misc-spells",
      "type": "Item",
      "ownership": {
        "PLAYER": "OBSERVER",
        "ASSISTANT": "OWNER"
      },
      "system": "dnd5e",
      "flags": {}
    },
    {
      "name": "misc-items",
      "label": "Misc Items",
      "path": "packs/misc-items",
      "type": "Item",
      "ownership": {
        "PLAYER": "OBSERVER",
        "ASSISTANT": "OWNER"
      },
      "system": "dnd5e",
      "flags": {}
    },
    {
      "name": "misc-features",
      "label": "Misc Features",
      "path": "packs/misc-features",
      "type": "Item",
      "ownership": {
        "PLAYER": "OBSERVER",
        "ASSISTANT": "OWNER"
      },
      "system": "dnd5e",
      "flags": {}
    },
    {
      "name": "hippogriffs-features",
      "label": "Hippogriff's Features",
      "path": "packs/hippogriffs-features",
      "type": "Item",
      "ownership": {
        "PLAYER": "OBSERVER",
        "ASSISTANT": "OWNER"
      },
      "system": "dnd5e",
      "flags": {}
    },
    {
      "name": "hippogriffs-items",
      "label": "Hippogriff's Items",
      "path": "packs/hippogriffs-items",
      "type": "Item",
      "ownership": {
        "PLAYER": "OBSERVER",
        "ASSISTANT": "OWNER"
      },
      "system": "dnd5e",
      "flags": {}
    },
    {
      "name": "kibbles-crafting-items",
      "label": "Kibbles Crafting - Items",
      "path": "packs/kibbles-crafting-items",
      "type": "Item",
      "ownership": {
        "PLAYER": "OBSERVER",
        "ASSISTANT": "OWNER"
      },
      "system": "dnd5e",
      "flags": {}
    },
    {
      "name": "kibbles-crafting-notes",
      "label": "Kibbles Crafting - Notes",
      "path": "packs/kibbles-crafting-notes",
      "type": "JournalEntry",
      "ownership": {
        "PLAYER": "OBSERVER",
        "ASSISTANT": "OWNER"
      },
      "system": "dnd5e",
      "flags": {}
    },
    {
      "name": "misc-creatures",
      "label": "Misc Creatures",
      "path": "packs/misc-creatures",
      "type": "Actor",
      "ownership": {
        "PLAYER": "OBSERVER",
        "ASSISTANT": "OWNER"
      },
      "system": "dnd5e",
      "flags": {}
    }
  ],
  "packFolders": [
    {
      "name": "Shared Homebrew",
      "sorting": "m",
      "color": "#13489e",
      "packs": [],
      "folders": [
        {
          "name": "Hippogriff's Campaign Index",
          "sorting": "m",
          "color": "#4d58a1",
          "packs": [
            "hippogriffs-classes",
            "hippogriffs-spells",
            "hippogriffs-features",
            "hippogriffs-items"
          ]
        },
        {
          "name": "Kibbles Compendium of Craft and Creation",
          "sorting": "m",
          "color": "#5c4da1",
          "packs": [
            "kibbles-crafting-notes",
            "kibbles-crafting-items"
          ]
        },
        {
          "name": "Miscellaneous",
          "sorting": "m",
          "color": "#734da1",
          "packs": [
            "misc-creatures",
            "misc-features",
            "misc-items",
            "misc-spells"
          ]
        }
      ]
    }
  ],
  "manifest": "https://raw.githubusercontent.com/sparkcity/shared-homebrew/main/module.json",
  "download": "https://github.com/sparkcity/shared-homebrew/raw/main/dist/shared-homebrew-1.0.5.zip"
}